{
  "old_new": "new",
  "id": "FragPipe (DIA-NN quant)_20250622_135352",
  "software_name": "FragPipe (DIA-NN quant)",
  "software_version": "23.0",
  "search_engine": "MSFragger",
  "search_engine_version": "4.2",
  "ident_fdr_psm": 0.01,
  "ident_fdr_peptide": NaN,
  "ident_fdr_protein": 0.01,
  "enable_match_between_runs": false,
  "precursor_mass_tolerance": "[-20 ppm, 20 ppm]",
  "fragment_mass_tolerance": "[-20 ppm, 20 ppm]",
  "enzyme": "Trypsin/P",
  "allowed_miscleavages": 1,
  "min_peptide_length": 7,
  "max_peptide_length": 50,
  "is_temporary": false,
  "intermediate_hash": "1c5535b3693172fc836046a97998b2a46790e876",
  "results": {
    "6": {
      "median_abs_epsilon_global": 0.11859023206304364,
      "median_abs_epsilon_eq_species": 0.15242598679433308,
      "median_abs_epsilon_ECOLI": 0.20924731636932847,
      "median_abs_epsilon_HUMAN": 0.11194553523202799,
      "median_abs_epsilon_YEAST": 0.13608510878164282,
      "mean_abs_epsilon_global": 0.4093238894151818,
      "mean_abs_epsilon_eq_species": 0.4318376735908624,
      "mean_abs_epsilon_ECOLI": 0.5110085267856075,
      "mean_abs_epsilon_HUMAN": 0.4170114898521876,
      "mean_abs_epsilon_YEAST": 0.36749300413479197,
      "median_log2_empirical_ECOLI": -1.9220478085746535,
      "median_log2_empirical_HUMAN": -0.057936846665395336,
      "median_log2_empirical_YEAST": 1.0192072038526945,
      "median_abs_epsilon_precision_global": 0.11150644693882938,
      "median_abs_epsilon_precision_eq_species": 0.1461767023230074,
      "median_abs_epsilon_precision_ECOLI": 0.20275448142164798,
      "median_abs_epsilon_precision_HUMAN": 0.10420474051298001,
      "median_abs_epsilon_precision_YEAST": 0.13157088503439418,
      "mean_log2_empirical_ECOLI": -1.7605630325983295,
      "mean_log2_empirical_HUMAN": -0.11873544630352034,
      "mean_log2_empirical_YEAST": 0.9417350371829303,
      "mean_abs_epsilon_precision_global": 0.4131479712887913,
      "mean_abs_epsilon_precision_eq_species": 0.44470956161199493,
      "mean_abs_epsilon_precision_ECOLI": 0.5365771427345568,
      "mean_abs_epsilon_precision_HUMAN": 0.4173578063853587,
      "mean_abs_epsilon_precision_YEAST": 0.3801937357160693,
      "CV_median": 0.1294293766456318,
      "CV_q75": 0.20612052354654453,
      "CV_q90": 0.3110029642371982,
      "CV_q95": 0.40234405815952345,
      "variance_epsilon_global": 0.6977859652002808,
      "nr_feature": 51926,
      "roc_auc": 0.8533923063550234
    },
    "5": {
      "median_abs_epsilon_global": 0.13584010813879743,
      "median_abs_epsilon_eq_species": 0.18645550444511017,
      "median_abs_epsilon_ECOLI": 0.2765501452578789,
      "median_abs_epsilon_HUMAN": 0.1263771872655859,
      "median_abs_epsilon_YEAST": 0.1564391808118657,
      "mean_abs_epsilon_global": 0.4885274892896903,
      "mean_abs_epsilon_eq_species": 0.5163891509494319,
      "mean_abs_epsilon_ECOLI": 0.6311472129099074,
      "mean_abs_epsilon_HUMAN": 0.5029842149772986,
      "mean_abs_epsilon_YEAST": 0.41503602496108977,
      "median_log2_empirical_ECOLI": -1.8988629875355816,
      "median_log2_empirical_HUMAN": -0.05640675626413483,
      "median_log2_empirical_YEAST": 1.0144165066374633,
      "median_abs_epsilon_precision_global": 0.1296781175921069,
      "median_abs_epsilon_precision_eq_species": 0.18127251872043124,
      "median_abs_epsilon_precision_ECOLI": 0.2709928907915451,
      "median_abs_epsilon_precision_HUMAN": 0.11943859525456801,
      "median_abs_epsilon_precision_YEAST": 0.15338607011518057,
      "mean_log2_empirical_ECOLI": -1.6721758407595784,
      "mean_log2_empirical_HUMAN": -0.07097699769624556,
      "mean_log2_empirical_YEAST": 0.9502994597126964,
      "mean_abs_epsilon_precision_global": 0.4854193898419263,
      "mean_abs_epsilon_precision_eq_species": 0.5283398986730151,
      "mean_abs_epsilon_precision_ECOLI": 0.6672838785500617,
      "mean_abs_epsilon_precision_HUMAN": 0.4946459020942356,
      "mean_abs_epsilon_precision_YEAST": 0.4230899153747484,
      "CV_median": 0.13187685326871712,
      "CV_q75": 0.2130149189921109,
      "CV_q90": 0.3285120605539593,
      "CV_q95": 0.4332256135958964,
      "variance_epsilon_global": 0.9363510930971373,
      "nr_feature": 58719,
      "roc_auc": 0.8232230038896486
    },
    "4": {
      "median_abs_epsilon_global": 0.1528135278317535,
      "median_abs_epsilon_eq_species": 0.22117016596711814,
      "median_abs_epsilon_ECOLI": 0.3489061670080229,
      "median_abs_epsilon_HUMAN": 0.1407328367778824,
      "median_abs_epsilon_YEAST": 0.1738714941154491,
      "mean_abs_epsilon_global": 0.57747732978199,
      "mean_abs_epsilon_eq_species": 0.6033687775276718,
      "mean_abs_epsilon_ECOLI": 0.7328725595747341,
      "mean_abs_epsilon_HUMAN": 0.597623148366982,
      "mean_abs_epsilon_YEAST": 0.47961062464129917,
      "median_log2_empirical_ECOLI": -1.8827988087849246,
      "median_log2_empirical_HUMAN": -0.05251148824532059,
      "median_log2_empirical_YEAST": 1.0154381873039853,
      "median_abs_epsilon_precision_global": 0.1471131630794691,
      "median_abs_epsilon_precision_eq_species": 0.22133177472394175,
      "median_abs_epsilon_precision_ECOLI": 0.3584481752375428,
      "median_abs_epsilon_precision_HUMAN": 0.13369767626478968,
      "median_abs_epsilon_precision_YEAST": 0.1718494726694928,
      "mean_log2_empirical_ECOLI": -1.6345874019602082,
      "mean_log2_empirical_HUMAN": 0.00957425260539833,
      "mean_log2_empirical_YEAST": 0.9959383716380413,
      "mean_abs_epsilon_precision_global": 0.5808944867106945,
      "mean_abs_epsilon_precision_eq_species": 0.6150570025100827,
      "mean_abs_epsilon_precision_ECOLI": 0.7648917227553654,
      "mean_abs_epsilon_precision_HUMAN": 0.6003587113261784,
      "mean_abs_epsilon_precision_YEAST": 0.47992057344870437,
      "CV_median": 0.13267607581618673,
      "CV_q75": 0.21490383775465266,
      "CV_q90": 0.3336158337007912,
      "CV_q95": 0.44207542767951713,
      "variance_epsilon_global": 1.2392016061623474,
      "nr_feature": 64199,
      "roc_auc": 0.7954675074672413
    },
    "3": {
      "median_abs_epsilon_global": 0.15637554645290663,
      "median_abs_epsilon_eq_species": 0.22857813537945346,
      "median_abs_epsilon_ECOLI": 0.36468644594235045,
      "median_abs_epsilon_HUMAN": 0.14341104458057785,
      "median_abs_epsilon_YEAST": 0.17763691561543205,
      "mean_abs_epsilon_global": 0.5825688267381037,
      "mean_abs_epsilon_eq_species": 0.6175226739892961,
      "mean_abs_epsilon_ECOLI": 0.7663767813949972,
      "mean_abs_epsilon_HUMAN": 0.6007619389000209,
      "mean_abs_epsilon_YEAST": 0.4854293016728701,
      "median_log2_empirical_ECOLI": -1.8728962232210442,
      "median_log2_empirical_HUMAN": -0.05199328181979368,
      "median_log2_empirical_YEAST": 1.0137501515143583,
      "median_abs_epsilon_precision_global": 0.15068924887671287,
      "median_abs_epsilon_precision_eq_species": 0.2305730422335722,
      "median_abs_epsilon_precision_ECOLI": 0.3783181753560356,
      "median_abs_epsilon_precision_HUMAN": 0.1366604564439946,
      "median_abs_epsilon_precision_YEAST": 0.17674049490068633,
      "mean_log2_empirical_ECOLI": -1.5940971908363477,
      "mean_log2_empirical_HUMAN": 0.011090878418280097,
      "mean_log2_empirical_YEAST": 0.9866991380233737,
      "mean_abs_epsilon_precision_global": 0.5865808274296025,
      "mean_abs_epsilon_precision_eq_species": 0.6304410614275411,
      "mean_abs_epsilon_precision_ECOLI": 0.8008959266571075,
      "mean_abs_epsilon_precision_HUMAN": 0.6038996808236456,
      "mean_abs_epsilon_precision_YEAST": 0.48652757680187,
      "CV_median": 0.13343034938777973,
      "CV_q75": 0.21595813143914158,
      "CV_q90": 0.3360522234497998,
      "CV_q95": 0.44549618496894194,
      "variance_epsilon_global": 1.2441545193124646,
      "nr_feature": 72501,
      "roc_auc": 0.7925596233645101
    },
    "2": {
      "median_abs_epsilon_global": 0.15769316294924351,