{
  "id": "FragPipe (DIA-NN quant)_20250622_140127",
  "software_name": "FragPipe (DIA-NN quant)",
  "software_version": "23.0",
  "search_engine": "MSFragger",
  "search_engine_version": "4.2",
  "ident_fdr_psm": 0.01,
  "ident_fdr_peptide": NaN,
  "ident_fdr_protein": 0.01,
  "enable_match_between_runs": false,
  "precursor_mass_tolerance": "[-20 ppm, 20 ppm]",
  "fragment_mass_tolerance": "[-20 ppm, 20 ppm]",
  "enzyme": "Trypsin/P",
  "allowed_miscleavages": 1,
  "min_peptide_length": 7,
  "max_peptide_length": 50,
  "is_temporary": false,
  "intermediate_hash": "3afad2260589bf3315741ce392bc6f1b2dd1691b",
  "results": {
    "6": {
      "median_abs_epsilon_global": 0.12378661782526024,
      "median_abs_epsilon_eq_species": 0.15081178271830176,
      "median_abs_epsilon_ECOLI": 0.19703675295426315,
      "median_abs_epsilon_HUMAN": 0.11805302622771663,
      "median_abs_epsilon_YEAST": 0.1373455689729255,
      "mean_abs_epsilon_global": 0.42496692249226226,
      "mean_abs_epsilon_eq_species": 0.42513280708633544,
      "mean_abs_epsilon_ECOLI": 0.4614953534120205,
      "mean_abs_epsilon_HUMAN": 0.43924823649264344,
      "mean_abs_epsilon_YEAST": 0.3746548313543424,
      "median_log2_empirical_ECOLI": -1.9779914644620078,
      "median_log2_empirical_HUMAN": -0.0663622234878325,
      "median_log2_empirical_YEAST": 1.0285500116186483,
      "median_abs_epsilon_precision_global": 0.11387956914809294,
      "median_abs_epsilon_precision_eq_species": 0.14559061644526317,
      "median_abs_epsilon_precision_ECOLI": 0.19754738153314833,
      "median_abs_epsilon_precision_HUMAN": 0.10711445754806626,
      "median_abs_epsilon_precision_YEAST": 0.13211001025457492,
      "mean_log2_empirical_ECOLI": -1.877190078413299,
      "mean_log2_empirical_HUMAN": -0.13321526906598677,
      "mean_log2_empirical_YEAST": 0.9664658980150251,
      "mean_abs_epsilon_precision_global": 0.4265000027177343,
      "mean_abs_epsilon_precision_eq_species": 0.432603879950243,
      "mean_abs_epsilon_precision_ECOLI": 0.4775729230548964,
      "mean_abs_epsilon_precision_HUMAN": 0.438361808956663,
      "mean_abs_epsilon_precision_YEAST": 0.3818769078391697,
      "CV_median": 0.13165466614953075,
      "CV_q75": 0.21053195056291563,
      "CV_q90": 0.31637860660485506,
      "CV_q95": 0.41101616980422356,
      "variance_epsilon_global": 0.7489837434544404,
      "nr_feature": 52327,
      "roc_auc": 0.8523720881003642
    },
    "5": {
      "median_abs_epsilon_global": 0.13956607470516325,
      "median_abs_epsilon_eq_species": 0.181321754512109,
      "median_abs_epsilon_ECOLI": 0.2582381369759794,
      "median_abs_epsilon_HUMAN": 0.13190086039955418,
      "median_abs_epsilon_YEAST": 0.15382626616079342,
      "mean_abs_epsilon_global": 0.5074890523363318,
      "mean_abs_epsilon_eq_species": 0.5074155484995629,
      "mean_abs_epsilon_ECOLI": 0.5673191261796093,
      "mean_abs_epsilon_HUMAN": 0.53120332090719,
      "mean_abs_epsilon_YEAST": 0.4237241984118893,
      "median_log2_empirical_ECOLI": -1.9644960957476165,
      "median_log2_empirical_HUMAN": -0.06526982723255514,
      "median_log2_empirical_YEAST": 1.0283010887257333,
      "median_abs_epsilon_precision_global": 0.1303086708889527,
      "median_abs_epsilon_precision_eq_species": 0.1755985274927235,
      "median_abs_epsilon_precision_ECOLI": 0.25651301000920057,
      "median_abs_epsilon_precision_HUMAN": 0.12091935177808111,
      "median_abs_epsilon_precision_YEAST": 0.1493632206908888,
      "mean_log2_empirical_ECOLI": -1.823291369572575,
      "mean_log2_empirical_HUMAN": -0.08250448317520312,
      "mean_log2_empirical_YEAST": 0.9939505541794098,
      "mean_abs_epsilon_precision_global": 0.5007565355381585,
      "mean_abs_epsilon_precision_eq_species": 0.5121779339440006,
      "mean_abs_epsilon_precision_ECOLI": 0.5914583951238309,
      "mean_abs_epsilon_precision_HUMAN": 0.5205028153376865,
      "mean_abs_epsilon_precision_YEAST": 0.42457259137048403,
      "CV_median": 0.134072821558615,
      "CV_q75": 0.21730729525033515,
      "CV_q90": 0.33427244860358984,
      "CV_q95": 0.44120644235137313,
      "variance_epsilon_global": 1.0187650294318027,
      "nr_feature": 58224,
      "roc_auc": 0.8230003318978555
    },
    "4": {
      "median_abs_epsilon_global": 0.1553447421708949,
      "median_abs_epsilon_eq_species": 0.21125397352979647,
      "median_abs_epsilon_ECOLI": 0.3182405051362096,
      "median_abs_epsilon_HUMAN": 0.1457043927521262,
      "median_abs_epsilon_YEAST": 0.1698170227010536,
      "mean_abs_epsilon_global": 0.6005448077791087,
      "mean_abs_epsilon_eq_species": 0.5941569626464298,
      "mean_abs_epsilon_ECOLI": 0.6548892822740803,
      "mean_abs_epsilon_HUMAN": 0.6305050477316085,
      "mean_abs_epsilon_YEAST": 0.4970765579336007,
      "median_log2_empirical_ECOLI": -1.9523942519453286,
      "median_log2_empirical_HUMAN": -0.06146355701159578,
      "median_log2_empirical_YEAST": 1.0314603059625433,
      "median_abs_epsilon_precision_global": 0.14540445864556695,
      "median_abs_epsilon_precision_eq_species": 0.20662385265741415,
      "median_abs_epsilon_precision_ECOLI": 0.32064484836040563,
      "median_abs_epsilon_precision_HUMAN": 0.1342743515224285,
      "median_abs_epsilon_precision_YEAST": 0.16495235808940834,
      "mean_log2_empirical_ECOLI": -1.798157338373814,
      "mean_log2_empirical_HUMAN": -0.00039861836242684716,
      "mean_log2_empirical_YEAST": 1.0567024754662941,
      "mean_abs_epsilon_precision_global": 0.6012614624237064,
      "mean_abs_epsilon_precision_eq_species": 0.6017319949910555,
      "mean_abs_epsilon_precision_ECOLI": 0.6783856659139962,
      "mean_abs_epsilon_precision_HUMAN": 0.6303829675067874,
      "mean_abs_epsilon_precision_YEAST": 0.49642735155238266,
      "CV_median": 0.1346581281956771,
      "CV_q75": 0.21929004628804505,
      "CV_q90": 0.33888067116604026,
      "CV_q95": 0.45059006244847877,
      "variance_epsilon_global": 1.361521833016317,
      "nr_feature": 63088,
      "roc_auc": 0.7965613162332619
    },
    "3": {
      "median_abs_epsilon_global": 0.15787280492163447,
      "median_abs_epsilon_eq_species": 0.21540644303351777,
      "median_abs_epsilon_ECOLI": 0.3249436104900454,
      "median_abs_epsilon_HUMAN": 0.14777547424926496,
      "median_abs_epsilon_YEAST": 0.173500244361243,
      "mean_abs_epsilon_global": 0.6045499708084694,
      "mean_abs_epsilon_eq_species": 0.6027428013520757,
      "mean_abs_epsilon_ECOLI": 0.6727297330710458,
      "mean_abs_epsilon_HUMAN": 0.6335240111887316,
      "mean_abs_epsilon_YEAST": 0.5019746597964498,
      "median_log2_empirical_ECOLI": -1.9486207802216953,
      "median_log2_empirical_HUMAN": -0.06129995020466694,
      "median_log2_empirical_YEAST": 1.0296861496508285,
      "median_abs_epsilon_precision_global": 0.14822470572958935,
      "median_abs_epsilon_precision_eq_species": 0.21111305100933345,
      "median_abs_epsilon_precision_ECOLI": 0.32898108684486616,
      "median_abs_epsilon_precision_HUMAN": 0.13604563152210858,
      "median_abs_epsilon_precision_YEAST": 0.16831243466102563,
      "mean_log2_empirical_ECOLI": -1.7769791072164636,
      "mean_log2_empirical_HUMAN": 0.0008826401947240505,
      "mean_log2_empirical_YEAST": 1.0489224525135468,
      "mean_abs_epsilon_precision_global": 0.6056156870680377,
      "mean_abs_epsilon_precision_eq_species": 0.6114720090747795,
      "mean_abs_epsilon_precision_ECOLI": 0.6996314253383626,
      "mean_abs_epsilon_precision_HUMAN": 0.6337929261440247,
      "mean_abs_epsilon_precision_YEAST": 0.5009916757419509,
      "CV_median": 0.13529047348179785,
      "CV_q75": 0.22044236321883295,
      "CV_q90": 0.34110333993190944,
      "CV_q95": 0.453500316345819,
      "variance_epsilon_global": 1.366346111729501,
      "nr_feature": 70412,
      "roc_auc": 0.794017704963328
    },
    "2": {
      "median_abs_epsilon_global": 0.1587833111786523,