{
  "id": "FragPipe (DIA-NN quant)_20250610_101656",
  "software_name": "FragPipe (DIA-NN quant)",
  "software_version": "22.0",
  "search_engine": "MSFragger",
  "search_engine_version": NaN,
  "ident_fdr_psm": 0.01,
  "ident_fdr_peptide": NaN,
  "ident_fdr_protein": 0.01,
  "enable_match_between_runs": false,
  "precursor_mass_tolerance": "[-20 ppm, 20 ppm]",
  "fragment_mass_tolerance": "[-20 ppm, 20 ppm]",
  "enzyme": "Trypsin/P",
  "allowed_miscleavages": 1,
  "min_peptide_length": 6,
  "max_peptide_length": 50,
  "is_temporary": false,
  "intermediate_hash": "91a49761d9995c9973b7b9ee98e69275d730b1b1",
  "results": {
    "6": {
      "median_abs_epsilon_global": 0.12505639717381456,
      "median_abs_epsilon_eq_species": 0.15489363213040086,
      "median_abs_epsilon_ECOLI": 0.19736693330202826,
      "median_abs_epsilon_HUMAN": 0.11647274054744905,
      "median_abs_epsilon_YEAST": 0.15084122254172527,
      "mean_abs_epsilon_global": 0.41759692820216415,
      "mean_abs_epsilon_eq_species": 0.4264942970536261,
      "mean_abs_epsilon_ECOLI": 0.47076360248922494,
      "mean_abs_epsilon_HUMAN": 0.42544439643131404,
      "mean_abs_epsilon_YEAST": 0.38327489224033956,
      "median_log2_empirical_ECOLI": -1.9897585329249559,
      "median_log2_empirical_HUMAN": -0.059723452509514274,
      "median_log2_empirical_YEAST": 1.0478622906599284,
      "median_abs_epsilon_precision_global": 0.1157843407063428,
      "median_abs_epsilon_precision_eq_species": 0.14787853169053142,
      "median_abs_epsilon_precision_ECOLI": 0.19733884656165301,
      "median_abs_epsilon_precision_HUMAN": 0.10844690920203526,
      "median_abs_epsilon_precision_YEAST": 0.13784983930790595,
      "mean_log2_empirical_ECOLI": -1.8835303447848957,
      "mean_log2_empirical_HUMAN": -0.11906690621533052,
      "mean_log2_empirical_YEAST": 0.9820520072103226,
      "mean_abs_epsilon_precision_global": 0.4185693498078781,
      "mean_abs_epsilon_precision_eq_species": 0.43443837210397834,
      "mean_abs_epsilon_precision_ECOLI": 0.49080347415609604,
      "mean_abs_epsilon_precision_HUMAN": 0.42459812429913035,
      "mean_abs_epsilon_precision_YEAST": 0.38791351785670863,
      "CV_median": 0.1375078172844626,
      "CV_q75": 0.22105577797500917,
      "CV_q90": 0.32957705646619784,
      "CV_q95": 0.4224336064339913,
      "variance_epsilon_global": 0.7333407648294373,
      "nr_feature": 52119,
      "roc_auc": 0.8591994254558561
    },
    "5": {
      "median_abs_epsilon_global": 0.14247682548696972,
      "median_abs_epsilon_eq_species": 0.18816823810349823,
      "median_abs_epsilon_ECOLI": 0.26237544586887473,
      "median_abs_epsilon_HUMAN": 0.13225154568179498,
      "median_abs_epsilon_YEAST": 0.16987772275982493,
      "mean_abs_epsilon_global": 0.5021111113395582,
      "mean_abs_epsilon_eq_species": 0.5152066518425428,
      "mean_abs_epsilon_ECOLI": 0.5953028554548223,
      "mean_abs_epsilon_HUMAN": 0.5183237406810175,
      "mean_abs_epsilon_YEAST": 0.43199335939178835,
      "median_log2_empirical_ECOLI": -1.9834632830960057,
      "median_log2_empirical_HUMAN": -0.05858267216464874,
      "median_log2_empirical_YEAST": 1.0456797395902608,
      "median_abs_epsilon_precision_global": 0.13401252921118179,
      "median_abs_epsilon_precision_eq_species": 0.18332352995620424,
      "median_abs_epsilon_precision_ECOLI": 0.26902762547046244,
      "median_abs_epsilon_precision_HUMAN": 0.12391050943636372,
      "median_abs_epsilon_precision_YEAST": 0.15703245496178653,
      "mean_log2_empirical_ECOLI": -1.8270649469008373,
      "mean_log2_empirical_HUMAN": -0.07080329903089752,
      "mean_log2_empirical_YEAST": 1.0017789773069412,
      "mean_abs_epsilon_precision_global": 0.4963554686619618,
      "mean_abs_epsilon_precision_eq_species": 0.5222311623152379,
      "mean_abs_epsilon_precision_ECOLI": 0.625746661664071,
      "mean_abs_epsilon_precision_HUMAN": 0.5092935645781992,
      "mean_abs_epsilon_precision_YEAST": 0.4316532607034433,
      "CV_median": 0.1399888892672431,
      "CV_q75": 0.2279456816584192,
      "CV_q90": 0.3477189614306797,
      "CV_q95": 0.45305184657714515,
      "variance_epsilon_global": 1.0065188579475146,
      "nr_feature": 58534,
      "roc_auc": 0.8292464997536908
    },
    "4": {
      "median_abs_epsilon_global": 0.16033635247376843,
      "median_abs_epsilon_eq_species": 0.22619873455814896,
      "median_abs_epsilon_ECOLI": 0.3430729170919111,
      "median_abs_epsilon_HUMAN": 0.14708948508503106,
      "median_abs_epsilon_YEAST": 0.18843380149750466,
      "mean_abs_epsilon_global": 0.595963667741493,
      "mean_abs_epsilon_eq_species": 0.6035149932783967,
      "mean_abs_epsilon_ECOLI": 0.6930496403054941,
      "mean_abs_epsilon_HUMAN": 0.6195540257343258,
      "mean_abs_epsilon_YEAST": 0.4979413137953704,
      "median_log2_empirical_ECOLI": -1.9791750004092563,
      "median_log2_empirical_HUMAN": -0.055071009054907805,
      "median_log2_empirical_YEAST": 1.0467775873594523,
      "median_abs_epsilon_precision_global": 0.15164090187565193,
      "median_abs_epsilon_precision_eq_species": 0.2188357822864555,
      "median_abs_epsilon_precision_ECOLI": 0.34023428372117603,
      "median_abs_epsilon_precision_HUMAN": 0.13917853144766035,
      "median_abs_epsilon_precision_YEAST": 0.17709453169053013,
      "mean_log2_empirical_ECOLI": -1.8030761092232515,
      "mean_log2_empirical_HUMAN": 0.009415382606093094,
      "mean_log2_empirical_YEAST": 1.0505926865064243,
      "mean_abs_epsilon_precision_global": 0.5982236379463849,
      "mean_abs_epsilon_precision_eq_species": 0.6129536054026291,
      "mean_abs_epsilon_precision_ECOLI": 0.723099688645124,
      "mean_abs_epsilon_precision_HUMAN": 0.622304051726334,
      "mean_abs_epsilon_precision_YEAST": 0.49345707583642917,
      "CV_median": 0.14090883329477027,
      "CV_q75": 0.230020962735681,
      "CV_q90": 0.35321512109976816,
      "CV_q95": 0.46283092521961516,
      "variance_epsilon_global": 1.346629181642413,
      "nr_feature": 63820,
      "roc_auc": 0.8009963198773152
    },
    "3": {
      "median_abs_epsilon_global": 0.16348560185271666,
      "median_abs_epsilon_eq_species": 0.2313622619556419,
      "median_abs_epsilon_ECOLI": 0.35265272404408776,
      "median_abs_epsilon_HUMAN": 0.14988545040245782,
      "median_abs_epsilon_YEAST": 0.19154861142038015,
      "mean_abs_epsilon_global": 0.6007421146100753,
      "mean_abs_epsilon_eq_species": 0.6126850381946322,
      "mean_abs_epsilon_ECOLI": 0.7115504106566576,
      "mean_abs_epsilon_HUMAN": 0.6235801083309931,
      "mean_abs_epsilon_YEAST": 0.5029245955962458,
      "median_log2_empirical_ECOLI": -1.9745452490861304,
      "median_log2_empirical_HUMAN": -0.05465749810283427,
      "median_log2_empirical_YEAST": 1.045321686888494,
      "median_abs_epsilon_precision_global": 0.15495684995797987,
      "median_abs_epsilon_precision_eq_species": 0.2262582891922668,
      "median_abs_epsilon_precision_ECOLI": 0.3558310158621687,
      "median_abs_epsilon_precision_HUMAN": 0.1420021837394465,
      "median_abs_epsilon_precision_YEAST": 0.18094166797518518,
      "mean_log2_empirical_ECOLI": -1.7795994877203187,
      "mean_log2_empirical_HUMAN": 0.011025196639488474,
      "mean_log2_empirical_YEAST": 1.0438137557250768,
      "mean_abs_epsilon_precision_global": 0.6035647854261098,
      "mean_abs_epsilon_precision_eq_species": 0.6236620878528775,
      "mean_abs_epsilon_precision_ECOLI": 0.7454191706515634,
      "mean_abs_epsilon_precision_HUMAN": 0.6267744053989184,
      "mean_abs_epsilon_precision_YEAST": 0.4987926875081505,
      "CV_median": 0.14170618713309308,
      "CV_q75": 0.2316584255571847,
      "CV_q90": 0.3559949278695901,
      "CV_q95": 0.46735572433055694,
      "variance_epsilon_global": 1.352604076775786,
      "nr_feature": 72206,
      "roc_auc": 0.7979429073438826
    },
    "2": {
      "median_abs_epsilon_global": 0.16485666557842293,