{
  "old_new": "new",
  "id": "FragPipe (DIA-NN quant)_20250610_101030",
  "software_name": "FragPipe (DIA-NN quant)",
  "software_version": "22.0",
  "search_engine": "MSFragger",
  "search_engine_version": NaN,
  "ident_fdr_psm": 0.01,
  "ident_fdr_peptide": NaN,
  "ident_fdr_protein": 0.01,
  "enable_match_between_runs": false,
  "precursor_mass_tolerance": "[-20 ppm, 20 ppm]",
  "fragment_mass_tolerance": "[-20 ppm, 20 ppm]",
  "enzyme": "Trypsin/P",
  "allowed_miscleavages": 1,
  "min_peptide_length": 6,
  "max_peptide_length": 30,
  "is_temporary": false,
  "intermediate_hash": "9d82889d62f08567cd3c96be3c4704febaef5b8f",
  "results": {
    "6": {
      "median_abs_epsilon_global": 0.1138614114385561,
      "median_abs_epsilon_eq_species": 0.1495172635902596,
      "median_abs_epsilon_ECOLI": 0.21344710598346595,
      "median_abs_epsilon_HUMAN": 0.10836229273478182,
      "median_abs_epsilon_YEAST": 0.12674239205253102,
      "mean_abs_epsilon_global": 0.4050045708158666,
      "mean_abs_epsilon_eq_species": 0.4185107347077704,
      "mean_abs_epsilon_ECOLI": 0.48300227722471967,
      "mean_abs_epsilon_HUMAN": 0.4153696431387765,
      "mean_abs_epsilon_YEAST": 0.35716028375981523,
      "median_log2_empirical_ECOLI": -1.8993117308295169,
      "median_log2_empirical_HUMAN": -0.056084673738531876,
      "median_log2_empirical_YEAST": 1.0065692386649943,
      "median_abs_epsilon_precision_global": 0.10683811296773627,
      "median_abs_epsilon_precision_eq_species": 0.14130273010306857,
      "median_abs_epsilon_precision_ECOLI": 0.19887608686184421,
      "median_abs_epsilon_precision_HUMAN": 0.09977677419836439,
      "median_abs_epsilon_precision_YEAST": 0.12525532924899707,
      "mean_log2_empirical_ECOLI": -1.7517538468225662,
      "mean_log2_empirical_HUMAN": -0.10717463426282658,
      "mean_log2_empirical_YEAST": 0.9327321426354276,
      "mean_abs_epsilon_precision_global": 0.4064979978386636,
      "mean_abs_epsilon_precision_eq_species": 0.4257368529132924,
      "mean_abs_epsilon_precision_ECOLI": 0.49433294379619636,
      "mean_abs_epsilon_precision_HUMAN": 0.41330703631609783,
      "mean_abs_epsilon_precision_YEAST": 0.369570578627583,
      "CV_median": 0.12695778202612096,
      "CV_q75": 0.20299794266747048,
      "CV_q90": 0.30657617046588087,
      "CV_q95": 0.3958462560407612,
      "variance_epsilon_global": 0.7029943934311267,
      "nr_feature": 51999,
      "roc_auc": 0.8534523637509587
    },
    "5": {
      "median_abs_epsilon_global": 0.12990476154629604,
      "median_abs_epsilon_eq_species": 0.17785865244854845,
      "median_abs_epsilon_ECOLI": 0.2666329708738875,
      "median_abs_epsilon_HUMAN": 0.1220813435846253,
      "median_abs_epsilon_YEAST": 0.14486164288713255,
      "mean_abs_epsilon_global": 0.4832308013383405,
      "mean_abs_epsilon_eq_species": 0.5012312787444354,
      "mean_abs_epsilon_ECOLI": 0.5961435430139507,
      "mean_abs_epsilon_HUMAN": 0.499616943855997,
      "mean_abs_epsilon_YEAST": 0.4079333493633583,
      "median_log2_empirical_ECOLI": -1.8774590223017764,
      "median_log2_empirical_HUMAN": -0.05403639354670986,
      "median_log2_empirical_YEAST": 1.002541570903027,
      "median_abs_epsilon_precision_global": 0.12383032071744182,
      "median_abs_epsilon_precision_eq_species": 0.17200852193590718,
      "median_abs_epsilon_precision_ECOLI": 0.2579518974370103,
      "median_abs_epsilon_precision_HUMAN": 0.11385957844984418,
      "median_abs_epsilon_precision_YEAST": 0.14421408992086704,
      "mean_log2_empirical_ECOLI": -1.680893080673243,
      "mean_log2_empirical_HUMAN": -0.053938224371262194,
      "mean_log2_empirical_YEAST": 0.9508771381305141,
      "mean_abs_epsilon_precision_global": 0.4788703633495868,
      "mean_abs_epsilon_precision_eq_species": 0.5069057377792358,
      "mean_abs_epsilon_precision_ECOLI": 0.6159447362083211,
      "mean_abs_epsilon_precision_HUMAN": 0.49113518775391296,
      "mean_abs_epsilon_precision_YEAST": 0.4136372893754734,
      "CV_median": 0.1292398819447368,
      "CV_q75": 0.20979545342117167,
      "CV_q90": 0.3241480819334076,
      "CV_q95": 0.4249163094086614,
      "variance_epsilon_global": 0.9384882009760097,
      "nr_feature": 58097,
      "roc_auc": 0.8238124472644686
    },
    "4": {
      "median_abs_epsilon_global": 0.1447488201519711,
      "median_abs_epsilon_eq_species": 0.2090415481043261,
      "median_abs_epsilon_ECOLI": 0.33388716757833237,
      "median_abs_epsilon_HUMAN": 0.1349553406617936,
      "median_abs_epsilon_YEAST": 0.15828213607285235,
      "mean_abs_epsilon_global": 0.5705281646390156,
      "mean_abs_epsilon_eq_species": 0.579790062825438,
      "mean_abs_epsilon_ECOLI": 0.6796273089109853,
      "mean_abs_epsilon_HUMAN": 0.5955022338465128,
      "mean_abs_epsilon_YEAST": 0.46424064571881574,
      "median_log2_empirical_ECOLI": -1.8566303006047207,
      "median_log2_empirical_HUMAN": -0.049501875213948665,
      "median_log2_empirical_YEAST": 1.0034679735184326,
      "median_abs_epsilon_precision_global": 0.13834675938241503,
      "median_abs_epsilon_precision_eq_species": 0.20279768890114389,
      "median_abs_epsilon_precision_ECOLI": 0.3236392041366294,
      "median_abs_epsilon_precision_HUMAN": 0.12716877291335393,
      "median_abs_epsilon_precision_YEAST": 0.1575850896534483,
      "mean_log2_empirical_ECOLI": -1.643462532087449,
      "mean_log2_empirical_HUMAN": 0.03250670859642365,
      "mean_log2_empirical_YEAST": 0.9900660870451027,
      "mean_abs_epsilon_precision_global": 0.579164388726127,
      "mean_abs_epsilon_precision_eq_species": 0.5882334187925554,
      "mean_abs_epsilon_precision_ECOLI": 0.6938486441270703,
      "mean_abs_epsilon_precision_HUMAN": 0.6062381826921069,
      "mean_abs_epsilon_precision_YEAST": 0.464613429558489,
      "CV_median": 0.13011237169716827,
      "CV_q75": 0.21187996242094992,
      "CV_q90": 0.32931150230116923,
      "CV_q95": 0.4341015240027546,
      "variance_epsilon_global": 1.2383115607210389,
      "nr_feature": 62949,
      "roc_auc": 0.795375247586594
    },
    "3": {
      "median_abs_epsilon_global": 0.1470128423072694,
      "median_abs_epsilon_eq_species": 0.21459309410555427,
      "median_abs_epsilon_ECOLI": 0.34609401065838874,
      "median_abs_epsilon_HUMAN": 0.13701014505169695,
      "median_abs_epsilon_YEAST": 0.16067512660657712,
      "mean_abs_epsilon_global": 0.5742257542111068,
      "mean_abs_epsilon_eq_species": 0.5869350919713542,
      "mean_abs_epsilon_ECOLI": 0.6945086828175878,
      "mean_abs_epsilon_HUMAN": 0.5986578108285567,
      "mean_abs_epsilon_YEAST": 0.4676387822679178,
      "median_log2_empirical_ECOLI": -1.8529549271551726,
      "median_log2_empirical_HUMAN": -0.04930695538971008,
      "median_log2_empirical_YEAST": 1.0017779979353278,
      "median_abs_epsilon_precision_global": 0.14117943131941857,
      "median_abs_epsilon_precision_eq_species": 0.206403624956249,
      "median_abs_epsilon_precision_ECOLI": 0.32935641411030225,
      "median_abs_epsilon_precision_HUMAN": 0.12941351681057967,
      "median_abs_epsilon_precision_YEAST": 0.16044094394786512,
      "mean_log2_empirical_ECOLI": -1.6302549947407516,
      "mean_log2_empirical_HUMAN": 0.03224772852993721,
      "mean_log2_empirical_YEAST": 0.9842573916689751,
      "mean_abs_epsilon_precision_global": 0.5827741020447729,
      "mean_abs_epsilon_precision_eq_species": 0.5955940159829669,
      "mean_abs_epsilon_precision_ECOLI": 0.7093251810470096,
      "mean_abs_epsilon_precision_HUMAN": 0.6091592744400165,
      "mean_abs_epsilon_precision_YEAST": 0.4682975924618747,
      "CV_median": 0.13059182396097133,
      "CV_q75": 0.21289694376062862,
      "CV_q90": 0.33107700262820616,
      "CV_q95": 0.43729658410732086,
      "variance_epsilon_global": 1.2410788199814073,
      "nr_feature": 70397,
      "roc_auc": 0.792692789910647
    },
    "2": {
      "median_abs_epsilon_global": 0.1478251743436978,