{
  "id": "FragPipe (DIA-NN quant)_20250622_134139",
  "software_name": "FragPipe (DIA-NN quant)",
  "software_version": "23.0",
  "search_engine": "MSFragger",
  "search_engine_version": "4.2",
  "ident_fdr_psm": 0.01,
  "ident_fdr_peptide": NaN,
  "ident_fdr_protein": 0.01,
  "enable_match_between_runs": false,
  "precursor_mass_tolerance": "[-20 ppm, 20 ppm]",
  "fragment_mass_tolerance": "[-20 ppm, 20 ppm]",
  "enzyme": "Trypsin/P",
  "allowed_miscleavages": 1,
  "min_peptide_length": 7,
  "max_peptide_length": 50,
  "is_temporary": false,
  "intermediate_hash": "ea205928dc445b7f3cf38fcab93c1e1c121b9291",
  "results": {
    "6": {
      "median_abs_epsilon_global": 0.11823968732413981,
      "median_abs_epsilon_eq_species": 0.1477610914420353,
      "median_abs_epsilon_ECOLI": 0.1989679607618342,
      "median_abs_epsilon_HUMAN": 0.11226557649455415,
      "median_abs_epsilon_YEAST": 0.13204973706971757,
      "mean_abs_epsilon_global": 0.4098584020795151,
      "mean_abs_epsilon_eq_species": 0.41855912745860535,
      "mean_abs_epsilon_ECOLI": 0.4736813341039498,
      "mean_abs_epsilon_HUMAN": 0.4212664658766003,
      "mean_abs_epsilon_YEAST": 0.3607295823952658,
      "median_log2_empirical_ECOLI": -1.93097498398377,
      "median_log2_empirical_HUMAN": -0.05795117135066974,
      "median_log2_empirical_YEAST": 1.021196314704465,
      "median_abs_epsilon_precision_global": 0.11088643190695713,
      "median_abs_epsilon_precision_eq_species": 0.1416792497539395,
      "median_abs_epsilon_precision_ECOLI": 0.19382862966345016,
      "median_abs_epsilon_precision_HUMAN": 0.10442603271885531,
      "median_abs_epsilon_precision_YEAST": 0.126783086879513,
      "mean_log2_empirical_ECOLI": -1.804543616266947,
      "mean_log2_empirical_HUMAN": -0.11678882912983794,
      "mean_log2_empirical_YEAST": 0.9501839641504493,
      "mean_abs_epsilon_precision_global": 0.41234997898235914,
      "mean_abs_epsilon_precision_eq_species": 0.4275439931230567,
      "mean_abs_epsilon_precision_ECOLI": 0.49030067124018006,
      "mean_abs_epsilon_precision_HUMAN": 0.42077229176559133,
      "mean_abs_epsilon_precision_YEAST": 0.3715590163633986,
      "CV_median": 0.12963192561424372,
      "CV_q75": 0.20775208309445076,
      "CV_q90": 0.3130117967528905,
      "CV_q95": 0.4071114669258833,
      "variance_epsilon_global": 0.7064434247302782,
      "nr_feature": 51476,
      "roc_auc": 0.854312872322697
    },
    "5": {
      "median_abs_epsilon_global": 0.13390027549364625,
      "median_abs_epsilon_eq_species": 0.1793641872960864,
      "median_abs_epsilon_ECOLI": 0.26262854034313676,
      "median_abs_epsilon_HUMAN": 0.12670820000841587,
      "median_abs_epsilon_YEAST": 0.14875582153670663,
      "mean_abs_epsilon_global": 0.48964247992582943,
      "mean_abs_epsilon_eq_species": 0.5040439610796154,
      "mean_abs_epsilon_ECOLI": 0.5945167220279306,
      "mean_abs_epsilon_HUMAN": 0.5076549620208852,
      "mean_abs_epsilon_YEAST": 0.40996019919003046,
      "median_log2_empirical_ECOLI": -1.9115140116874336,
      "median_log2_empirical_HUMAN": -0.05629417723717012,
      "median_log2_empirical_YEAST": 1.017614150024034,
      "median_abs_epsilon_precision_global": 0.12765966746230362,
      "median_abs_epsilon_precision_eq_species": 0.17446222246476908,
      "median_abs_epsilon_precision_ECOLI": 0.258761015196292,
      "median_abs_epsilon_precision_HUMAN": 0.11884473942292395,
      "median_abs_epsilon_precision_YEAST": 0.1457809127750913,
      "mean_log2_empirical_ECOLI": -1.7178983878367977,
      "mean_log2_empirical_HUMAN": -0.06642551597372912,
      "mean_log2_empirical_YEAST": 0.965787476193792,
      "mean_abs_epsilon_precision_global": 0.48538461431060775,
      "mean_abs_epsilon_precision_eq_species": 0.5126532134890962,
      "mean_abs_epsilon_precision_ECOLI": 0.6237006843831632,
      "mean_abs_epsilon_precision_HUMAN": 0.4989742184792027,
      "mean_abs_epsilon_precision_YEAST": 0.41528473760492274,
      "CV_median": 0.13187059965140183,
      "CV_q75": 0.21391332775022812,
      "CV_q90": 0.330238566028852,
      "CV_q95": 0.43702368459099317,
      "variance_epsilon_global": 0.9532878698758898,
      "nr_feature": 57598,
      "roc_auc": 0.8248684535821035
    },
    "4": {
      "median_abs_epsilon_global": 0.1500643297037012,
      "median_abs_epsilon_eq_species": 0.2108203678463957,
      "median_abs_epsilon_ECOLI": 0.3247478809884541,
      "median_abs_epsilon_HUMAN": 0.1404873801326989,
      "median_abs_epsilon_YEAST": 0.16722584241803418,
      "mean_abs_epsilon_global": 0.5806268401408887,
      "mean_abs_epsilon_eq_species": 0.5901687595962041,
      "mean_abs_epsilon_ECOLI": 0.6896659651008897,
      "mean_abs_epsilon_HUMAN": 0.6053114053054244,
      "mean_abs_epsilon_YEAST": 0.47552890838229805,
      "median_log2_empirical_ECOLI": -1.8998404115725336,
      "median_log2_empirical_HUMAN": -0.052458065026989686,
      "median_log2_empirical_YEAST": 1.0194631888644246,
      "median_abs_epsilon_precision_global": 0.14413143107414506,
      "median_abs_epsilon_precision_eq_species": 0.20807956713729622,
      "median_abs_epsilon_precision_ECOLI": 0.32665134392401995,
      "median_abs_epsilon_precision_HUMAN": 0.1332565307841218,
      "median_abs_epsilon_precision_YEAST": 0.16433082670374688,
      "mean_log2_empirical_ECOLI": -1.6886611642650233,
      "mean_log2_empirical_HUMAN": 0.015778769535672324,
      "mean_log2_empirical_YEAST": 1.0147214112048506,
      "mean_abs_epsilon_precision_global": 0.5850876004374035,
      "mean_abs_epsilon_precision_eq_species": 0.6003038806482212,
      "mean_abs_epsilon_precision_ECOLI": 0.7160535623340658,
      "mean_abs_epsilon_precision_HUMAN": 0.6100928237125962,
      "mean_abs_epsilon_precision_YEAST": 0.4747652558980016,
      "CV_median": 0.13264384121051304,
      "CV_q75": 0.21581339744185787,
      "CV_q90": 0.33514406992289275,
      "CV_q95": 0.44530083047297286,
      "variance_epsilon_global": 1.265725566110592,
      "nr_feature": 62810,
      "roc_auc": 0.797023509293195
    },
    "3": {
      "median_abs_epsilon_global": 0.15280523210515007,
      "median_abs_epsilon_eq_species": 0.21686836022178055,
      "median_abs_epsilon_ECOLI": 0.3366853681831188,
      "median_abs_epsilon_HUMAN": 0.14287703934762597,
      "median_abs_epsilon_YEAST": 0.17104267313459687,
      "mean_abs_epsilon_global": 0.5850187325159328,
      "mean_abs_epsilon_eq_species": 0.5991932684073847,
      "mean_abs_epsilon_ECOLI": 0.7088614358541169,
      "mean_abs_epsilon_HUMAN": 0.6089638808780788,
      "mean_abs_epsilon_YEAST": 0.4797544884899588,
      "median_log2_empirical_ECOLI": -1.89349706866075,
      "median_log2_empirical_HUMAN": -0.05204374834849368,
      "median_log2_empirical_YEAST": 1.0179534393465666,
      "median_abs_epsilon_precision_global": 0.14723545691033646,
      "median_abs_epsilon_precision_eq_species": 0.21464710799363415,
      "median_abs_epsilon_precision_ECOLI": 0.3403462904694088,
      "median_abs_epsilon_precision_HUMAN": 0.13584817372050573,
      "median_abs_epsilon_precision_YEAST": 0.1677468597909879,
      "mean_log2_empirical_ECOLI": -1.6669346512092356,
      "mean_log2_empirical_HUMAN": 0.016723244855908495,
      "mean_log2_empirical_YEAST": 1.0088358139577114,
      "mean_abs_epsilon_precision_global": 0.5897802519697454,
      "mean_abs_epsilon_precision_eq_species": 0.6100533397289966,
      "mean_abs_epsilon_precision_ECOLI": 0.7369365269957986,
      "mean_abs_epsilon_precision_HUMAN": 0.6139794557114082,
      "mean_abs_epsilon_precision_YEAST": 0.4792440364797828,
      "CV_median": 0.13344806514947166,
      "CV_q75": 0.21684537480135688,
      "CV_q90": 0.3378768631155923,
      "CV_q95": 0.4494111689400099,
      "variance_epsilon_global": 1.2699094145440661,
      "nr_feature": 70577,
      "roc_auc": 0.7942420305283834
    },
    "2": {
      "median_abs_epsilon_global": 0.15375871127905505,